﻿<?xml version="1.0" encoding="utf-8"?>
<abapGit version="v1.0.0" serializer="LCL_OBJECT_SICF" serializer_version="v1.0.0">
 <asx:abap xmlns:asx="http://www.sap.com/abapxml" version="1.0">
  <asx:values>
   <URL>/sap/bc/rest/zapi/</URL>
   <ICFSERVICE>
    <ICF_NAME>ZAPI</ICF_NAME>
    <HTTPCDE500>2</HTTPCDE500>
    <HTTPCDE401>2</HTTPCDE401>
    <ICFBITMAP>00000000</ICFBITMAP>
    <HTTPCDELPAG>2</HTTPCDELPAG>
    <HTTPCDENFPAG>2</HTTPCDENFPAG>
    <ORIG_NAME>zapi</ORIG_NAME>
   </ICFSERVICE>
   <ICFDOCU>
    <ICF_NAME>ZAPI</ICF_NAME>
    <ICF_LANGU>E</ICF_LANGU>
    <ICF_DOCU>z-API for Apps</ICF_DOCU>
   </ICFDOCU>
   <ICFHANDLER_TABLE>
    <ICFHANDLER>
     <ICF_NAME>ZAPI</ICF_NAME>
     <ICFORDER>01</ICFORDER>
     <ICFTYP>A</ICFTYP>
     <ICFHANDLER>ZCL_REST_HTTP_HANDLER</ICFHANDLER>
    </ICFHANDLER>
   </ICFHANDLER_TABLE>
  </asx:values>
 </asx:abap>
</abapGit>
