﻿<?xml version="1.0" encoding="utf-8"?>
<abapGit version="v1.0.0" serializer="LCL_OBJECT_TTYP" serializer_version="v1.0.0">
 <asx:abap xmlns:asx="http://www.sap.com/abapxml" version="1.0">
  <asx:values>
   <DD40V>
    <TYPENAME>ZAPI_TT_CLASSPARAM</TYPENAME>
    <DDLANGUAGE>E</DDLANGUAGE>
    <ROWTYPE>ZAPI_S_CLASSPARAM</ROWTYPE>
    <ROWKIND>S</ROWKIND>
    <DATATYPE>STRU</DATATYPE>
    <ACCESSMODE>T</ACCESSMODE>
    <KEYDEF>T</KEYDEF>
    <KEYKIND>N</KEYKIND>
    <DDTEXT>Parameter table for class method</DDTEXT>
   </DD40V>
  </asx:values>
 </asx:abap>
</abapGit>
